{"loss": [1.4018338918685913, 0.46731036901474, 0.26814335584640503, 0.18449939787387848, 0.1381933093070984, 0.11110265552997589, 0.08864490687847137, 0.07124622166156769, 0.06370453536510468, 0.056132540106773376], "accuracy": [0.5858595967292786, 0.8524646162986755, 0.9132228493690491, 0.9391706585884094, 0.9551177024841309, 0.9631837010383606, 0.9707091450691223, 0.9768831133842468, 0.9798563122749329, 0.9817910194396973], "val_loss": [0.5331987142562866, 0.3072977066040039, 0.20276403427124023, 0.1998213231563568, 0.1493600308895111, 0.14941680431365967, 0.10973552614450455, 0.20956872403621674, 0.16179132461547852, 0.10968214273452759], "val_accuracy": [0.830127477645874, 0.9007511734962463, 0.9334737062454224, 0.937571108341217, 0.9526519179344177, 0.9515137672424316, 0.9660254716873169, 0.9385954737663269, 0.9517413973808289, 0.9689847230911255]}